{
  "swagger": "2.0",
  "info": {
    "title": "PEAK CSO FAQ API",
    "description": "All FAQ related APIs",
    "version": "1.0.1"
  },
  "host": "payme-api-secure.hsbc.com.hk",
  "schemes": [
    "https"
  ],
  "basePath": "/cso/faq",
  "produces": [
    "application/json"
  ],
  "paths": {
    "/topics": {
      "get": {
        "summary": "get topics by language",
        "description": "The topics endpoint returns information about the available FAQ topics. The response includes the topic name, description and thumbnailURI",
        "tags": [
          "Topics"
        ],
        "parameters": [
          {
            "name": "Authorization",
            "in": "header",
            "required": true,
            "type": "string"
          },
          {
            "name": "X-HSBC-Locale",
            "description": "Locale",
            "in": "header",
            "type": "string"
          },
          {
            "name": "X-HSBC-Chnl-CountryCode",
            "in": "header",
            "required": true,
            "type": "string"
          },
          {
            "name": "X-HSBC-Chnl-Group-Member",
            "in": "header",
            "required": true,
            "type": "string"
          },
          {
            "name": "X-HSBC-Request-Correlation-Id",
            "in": "header",
            "description": "Global unique identifier used to trace execution context through server operations",
            "required": true,
            "type": "string"
          },
          {
            "name": "X-HSBC-User-Id",
            "in": "header",
            "description": "Payme User ID",
            "type": "string"
          },
          {
            "name": "X-HSBC-Merchant-Id",
            "in": "header",
            "description": "Business Merchant ID",
            "type": "string"
          },
          {
            "name": "X-HSBC-CSOPortal-Id",
            "in": "header",
            "description": "CSO Portal Login ID",
            "type": "string"
          }
        ],
        "responses": {
          "200": {
            "description": "An array of FAQ Topics",
            "schema": {
              "type": "object",
              "properties": {
                "topics": {
                  "type": "array",
                  "items": {
                    "$ref": "#/definitions/FAQTopic"
                  }
                }
              }
            }
          },
          "default": {
            "description": "Unexpected error",
            "schema": {
              "$ref": "#/definitions/Error"
            }
          }
        }
      },
      "post": {
        "summary": "Create Topics",
        "description": "Create an FAQ topic including all langues",
        "tags": [
          "Topics"
        ],
        "consumes": [
          "application/json"
        ],
        "parameters": [
          {
            "name": "Authorization",
            "in": "header",
            "required": true,
            "type": "string"
          },
          {
            "name": "X-HSBC-Chnl-CountryCode",
            "in": "header",
            "required": true,
            "type": "string"
          },
          {
            "name": "X-HSBC-Chnl-Group-Member",
            "in": "header",
            "required": true,
            "type": "string"
          },
          {
            "name": "X-HSBC-Request-Correlation-Id",
            "in": "header",
            "description": "Global unique identifier used to trace execution context through server operations",
            "required": true,
            "type": "string"
          },
          {
            "name": "X-HSBC-User-Id",
            "in": "header",
            "description": "Payme User ID",
            "type": "string"
          },
          {
            "name": "X-HSBC-Merchant-Id",
            "in": "header",
            "description": "Business Merchant ID",
            "type": "string"
          },
          {
            "name": "X-HSBC-CSOPortal-Id",
            "in": "header",
            "description": "CSO Portal Login ID",
            "type": "string"
          },
          {
            "name": "topics",
            "in": "body",
            "required": true,
            "schema": {
              "type": "object",
              "properties": {
                "topicEn": {
                  "$ref": "#/definitions/FAQTopic"
                },
                "topicTc": {
                  "$ref": "#/definitions/FAQTopic"
                },
                "topicSc": {
                  "$ref": "#/definitions/FAQTopic"
                }
              }
            }
          }
        ],
        "responses": {
          "200": {
            "description": "An array of newly created FAQ Topics",
            "schema": {
              "type": "object",
              "properties": {
                "topics": {
                  "type": "object",
                  "properties": {
                    "topicEn": {
                      "$ref": "#/definitions/FAQTopic"
                    },
                    "topicTc": {
                      "$ref": "#/definitions/FAQTopic"
                    },
                    "topicSc": {
                      "$ref": "#/definitions/FAQTopic"
                    }
                  }
                }
              }
            }
          },
          "default": {
            "description": "Unexpected error",
            "schema": {
              "$ref": "#/definitions/Error"
            }
          }
        }
      },
      "put": {
        "summary": "Update Topics",
        "description": "Create an FAQ topic including all langues",
        "tags": [
          "Topics"
        ],
        "consumes": [
          "application/json"
        ],
        "parameters": [
          {
            "name": "Authorization",
            "in": "header",
            "required": true,
            "type": "string"
          },
          {
            "name": "X-HSBC-Chnl-CountryCode",
            "in": "header",
            "required": true,
            "type": "string"
          },
          {
            "name": "X-HSBC-Chnl-Group-Member",
            "in": "header",
            "required": true,
            "type": "string"
          },
          {
            "name": "X-HSBC-Request-Correlation-Id",
            "in": "header",
            "description": "Global unique identifier used to trace execution context through server operations",
            "required": true,
            "type": "string"
          },
          {
            "name": "X-HSBC-User-Id",
            "in": "header",
            "description": "Payme User ID",
            "type": "string"
          },
          {
            "name": "X-HSBC-Merchant-Id",
            "in": "header",
            "description": "Business Merchant ID",
            "type": "string"
          },
          {
            "name": "X-HSBC-CSOPortal-Id",
            "in": "header",
            "description": "CSO Portal Login ID",
            "type": "string"
          },
          {
            "name": "topics",
            "in": "body",
            "required": true,
            "schema": {
              "type": "object",
              "properties": {
                "topicEn": {
                  "$ref": "#/definitions/FAQTopic"
                },
                "topicTc": {
                  "$ref": "#/definitions/FAQTopic"
                },
                "topicSc": {
                  "$ref": "#/definitions/FAQTopic"
                }
              }
            }
          }
        ],
        "responses": {
          "200": {
            "description": "An array of updated FAQ Topics",
            "schema": {
              "type": "object",
              "properties": {
                "topicEn": {
                  "$ref": "#/definitions/FAQTopic"
                },
                "topicTc": {
                  "$ref": "#/definitions/FAQTopic"
                },
                "topicSc": {
                  "$ref": "#/definitions/FAQTopic"
                }
              }
            }
          },
          "default": {
            "description": "Unexpected error",
            "schema": {
              "$ref": "#/definitions/Error"
            }
          }
        }
      }
    },
    "/topics/all-lang": {
      "get": {
        "summary": "topics in all languages",
        "description": "The topics endpoint returns information about the available FAQ topics. The response includes the topic name, description, thumbnailURI, updated time, etc.",
        "tags": [
          "Topics"
        ],
        "parameters": [
          {
            "name": "Authorization",
            "in": "header",
            "required": true,
            "type": "string"
          },
          {
            "name": "X-HSBC-Chnl-CountryCode",
            "in": "header",
            "required": true,
            "type": "string"
          },
          {
            "name": "X-HSBC-Chnl-Group-Member",
            "in": "header",
            "required": true,
            "type": "string"
          },
          {
            "name": "X-HSBC-Request-Correlation-Id",
            "in": "header",
            "description": "Global unique identifier used to trace execution context through server operations",
            "required": true,
            "type": "string"
          },
          {
            "name": "X-HSBC-User-Id",
            "in": "header",
            "description": "Payme User ID",
            "type": "string"
          },
          {
            "name": "X-HSBC-Merchant-Id",
            "in": "header",
            "description": "Business Merchant ID",
            "type": "string"
          },
          {
            "name": "X-HSBC-CSOPortal-Id",
            "in": "header",
            "description": "CSO Portal Login ID",
            "type": "string"
          }
        ],
        "responses": {
          "200": {
            "description": "An array of FAQ Topics",
            "schema": {
              "properties": {
                "topics": {
                  "type": "array",
                  "items": {
                    "type": "object",
                    "properties": {
                      "topicEn": {
                        "$ref": "#/definitions/FAQTopic"
                      },
                      "topicTc": {
                        "$ref": "#/definitions/FAQTopic"
                      },
                      "topicSc": {
                        "$ref": "#/definitions/FAQTopic"
                      }
                    }
                  }
                }
              }
            }
          },
          "default": {
            "description": "Unexpected error",
            "schema": {
              "$ref": "#/definitions/Error"
            }
          }
        }
      }
    },
    "/topics/{topicId}/all-lang": {
      "get": {
        "summary": "get a topic in all languages",
        "description": "The topics endpoint returns information about the FAQ topic selected by topic ID. The response includes the topic name, description, thumbnailURI, updated time, etc.",
        "tags": [
          "Topics"
        ],
        "parameters": [
          {
            "name": "Authorization",
            "in": "header",
            "required": true,
            "type": "string"
          },
          {
            "name": "X-HSBC-Chnl-CountryCode",
            "in": "header",
            "required": true,
            "type": "string"
          },
          {
            "name": "X-HSBC-Chnl-Group-Member",
            "in": "header",
            "required": true,
            "type": "string"
          },
          {
            "name": "X-HSBC-Request-Correlation-Id",
            "in": "header",
            "description": "Global unique identifier used to trace execution context through server operations",
            "required": true,
            "type": "string"
          },
          {
            "name": "X-HSBC-User-Id",
            "in": "header",
            "description": "Payme User ID",
            "type": "string"
          },
          {
            "name": "X-HSBC-Merchant-Id",
            "in": "header",
            "description": "Business Merchant ID",
            "type": "string"
          },
          {
            "name": "X-HSBC-CSOPortal-Id",
            "in": "header",
            "description": "CSO Portal Login ID",
            "type": "string"
          },
          {
            "name": "topicId",
            "in": "path",
            "description": "specific topic id for which questions are needed.",
            "required": true,
            "type": "number"
          }
        ],
        "responses": {
          "200": {
            "description": "An array of FAQ Topics",
            "schema": {
              "type": "object",
              "properties": {
                "topicEn": {
                  "$ref": "#/definitions/FAQTopic"
                },
                "topicTc": {
                  "$ref": "#/definitions/FAQTopic"
                },
                "topicSc": {
                  "$ref": "#/definitions/FAQTopic"
                }
              }
            }
          },
          "default": {
            "description": "Unexpected error",
            "schema": {
              "$ref": "#/definitions/Error"
            }
          }
        }
      }
    },
    "/faqs/{topicId}": {
      "get": {
        "summary": "FAQ by topic id",
        "description": "get all the FAQs in single language for this topic",
        "tags": [
          "FAQ Articles"
        ],
        "parameters": [
          {
            "name": "Authorization",
            "in": "header",
            "required": true,
            "type": "string"
          },
          {
            "name": "X-HSBC-Locale",
            "description": "Locale",
            "in": "header",
            "type": "string"
          },
          {
            "name": "X-HSBC-Chnl-CountryCode",
            "in": "header",
            "required": true,
            "type": "string"
          },
          {
            "name": "X-HSBC-Chnl-Group-Member",
            "in": "header",
            "required": true,
            "type": "string"
          },
          {
            "name": "X-HSBC-Request-Correlation-Id",
            "in": "header",
            "description": "Global unique identifier used to trace execution context through server operations",
            "required": true,
            "type": "string"
          },
          {
            "name": "X-HSBC-User-Id",
            "in": "header",
            "description": "Payme User ID",
            "type": "string"
          },
          {
            "name": "X-HSBC-Merchant-Id",
            "in": "header",
            "description": "Business Merchant ID",
            "type": "string"
          },
          {
            "name": "X-HSBC-CSOPortal-Id",
            "in": "header",
            "description": "CSO Portal Login ID",
            "type": "string"
          },
          {
            "name": "topicId",
            "in": "path",
            "description": "specific topic id for which questions are needed.",
            "required": true,
            "type": "number"
          }
        ],
        "responses": {
          "200": {
            "description": "An array of faq topics for PEAK",
            "schema": {
              "type": "object",
              "properties": {
                "faqs": {
                  "type": "array",
                  "items": {
                    "$ref": "#/definitions/FAQ"
                  }
                }
              }
            }
          },
          "default": {
            "description": "Unexpected error",
            "schema": {
              "$ref": "#/definitions/Error"
            }
          }
        }
      },
      "delete": {
        "summary": "Delete topic by topic id",
        "description": "Delete topic by topic id",
        "tags": [
          "FAQ Topic"
        ],
        "parameters": [
          {
            "name": "Authorization",
            "in": "header",
            "required": true,
            "type": "string"
          },
          {
            "name": "X-HSBC-Locale",
            "description": "Locale",
            "in": "header",
            "required": true,
            "type": "string"
          },
          {
            "name": "X-HSBC-Chnl-CountryCode",
            "in": "header",
            "required": true,
            "type": "string"
          },
          {
            "name": "X-HSBC-Chnl-Group-Member",
            "in": "header",
            "required": true,
            "type": "string"
          },
          {
            "name": "X-HSBC-Request-Correlation-Id",
            "in": "header",
            "description": "Global unique identifier used to trace execution context through server operations",
            "required": true,
            "type": "string"
          },
          {
            "name": "X-HSBC-User-Id",
            "in": "header",
            "description": "Payme User ID",
            "type": "string"
          },
          {
            "name": "X-HSBC-Merchant-Id",
            "in": "header",
            "description": "Business Merchant ID",
            "type": "string"
          },
          {
            "name": "X-HSBC-CSOPortal-Id",
            "in": "header",
            "description": "CSO Portal Login ID",
            "type": "string"
          },
          {
            "name": "topicId",
            "in": "path",
            "description": "specific topic id for which questions are needed.",
            "required": true,
            "type": "number"
          }
        ],
        "responses": {
          "200": {
            "description": "204 response"
          },
          "default": {
            "description": "Unexpected error",
            "schema": {
              "$ref": "#/definitions/Error"
            }
          }
        }
      }
    },
    "/faqs/{faqId}/all-lang": {
      "get": {
        "summary": "FAQ in all language by faq id",
        "description": "get FAQs with all languages for a specific faq ID",
        "tags": [
          "FAQ Articles"
        ],
        "parameters": [
          {
            "name": "Authorization",
            "in": "header",
            "required": true,
            "type": "string"
          },
          {
            "name": "X-HSBC-Chnl-CountryCode",
            "in": "header",
            "required": true,
            "type": "string"
          },
          {
            "name": "X-HSBC-Chnl-Group-Member",
            "in": "header",
            "required": true,
            "type": "string"
          },
          {
            "name": "X-HSBC-Request-Correlation-Id",
            "in": "header",
            "description": "Global unique identifier used to trace execution context through server operations",
            "required": true,
            "type": "string"
          },
          {
            "name": "X-HSBC-User-Id",
            "in": "header",
            "description": "Payme User ID",
            "type": "string"
          },
          {
            "name": "X-HSBC-Merchant-Id",
            "in": "header",
            "description": "Business Merchant ID",
            "type": "string"
          },
          {
            "name": "X-HSBC-CSOPortal-Id",
            "in": "header",
            "description": "CSO Portal Login ID",
            "type": "string"
          },
          {
            "name": "faqId",
            "in": "path",
            "description": "specific faq id for which questions are needed.",
            "required": true,
            "type": "number"
          }
        ],
        "responses": {
          "200": {
            "description": "An array of FAQ Topics",
            "schema": {
              "properties": {
                "id": {
                  "type": "integer"
                },
                "faqEn": {
                  "$ref": "#/definitions/FAQ"
                },
                "faqTc": {
                  "$ref": "#/definitions/FAQ"
                },
                "faqSc": {
                  "$ref": "#/definitions/FAQ"
                }
              }
            }
          },
          "default": {
            "description": "Unexpected error",
            "schema": {
              "$ref": "#/definitions/Error"
            }
          }
        }
      },
      "delete": {
        "summary": "Delete FAQ Articles",
        "description": "Delete FAQ articles",
        "tags": [
          "FAQ Articles"
        ],
        "parameters": [
          {
            "name": "Authorization",
            "in": "header",
            "required": true,
            "type": "string"
          },
          {
            "name": "X-HSBC-Locale",
            "description": "Locale",
            "in": "header",
            "required": true,
            "type": "string"
          },
          {
            "name": "X-HSBC-Chnl-CountryCode",
            "in": "header",
            "required": true,
            "type": "string"
          },
          {
            "name": "X-HSBC-Chnl-Group-Member",
            "in": "header",
            "required": true,
            "type": "string"
          },
          {
            "name": "X-HSBC-Request-Correlation-Id",
            "in": "header",
            "description": "Global unique identifier used to trace execution context through server operations",
            "required": true,
            "type": "string"
          },
          {
            "name": "X-HSBC-User-Id",
            "in": "header",
            "description": "Payme User ID",
            "type": "string"
          },
          {
            "name": "X-HSBC-Merchant-Id",
            "in": "header",
            "description": "Business Merchant ID",
            "type": "string"
          },
          {
            "name": "X-HSBC-CSOPortal-Id",
            "in": "header",
            "description": "CSO Portal Login ID",
            "type": "string"
          },
          {
            "name": "faqId",
            "in": "path",
            "required": true,
            "type": "integer",
            "format": "int64"
          }
        ],
        "responses": {
          "204": {
            "description": "204 response"
          },
          "default": {
            "description": "Unexpected error",
            "schema": {
              "$ref": "#/definitions/Error"
            }
          }
        }
      }
    },
    "/faqs-for-topic/{topicId}/all-lang": {
      "get": {
        "summary": "FAQ by topic id, including all three languages",
        "description": "get all the FAQs with all languages for this topic",
        "tags": [
          "FAQ Articles"
        ],
        "parameters": [
          {
            "name": "Authorization",
            "in": "header",
            "required": true,
            "type": "string"
          },
          {
            "name": "X-HSBC-Chnl-CountryCode",
            "in": "header",
            "required": true,
            "type": "string"
          },
          {
            "name": "X-HSBC-Chnl-Group-Member",
            "in": "header",
            "required": true,
            "type": "string"
          },
          {
            "name": "X-HSBC-Request-Correlation-Id",
            "in": "header",
            "description": "Global unique identifier used to trace execution context through server operations",
            "required": true,
            "type": "string"
          },
          {
            "name": "topicId",
            "in": "path",
            "description": "specific topic id for which questions are needed.",
            "required": true,
            "type": "number"
          }
        ],
        "responses": {
          "200": {
            "description": "An array of FAQ Topics",
            "schema": {
              "properties": {
                "faqs": {
                  "type": "array",
                  "items": {
                    "type": "object",
                    "properties": {
                      "id": {
                        "type": "integer"
                      },
                      "faqEn": {
                        "$ref": "#/definitions/FAQ"
                      },
                      "faqTc": {
                        "$ref": "#/definitions/FAQ"
                      },
                      "faqSc": {
                        "$ref": "#/definitions/FAQ"
                      }
                    }
                  }
                }
              }
            }
          },
          "default": {
            "description": "Unexpected error",
            "schema": {
              "$ref": "#/definitions/Error"
            }
          }
        }
      }
    },
    "/faqs": {
      "post": {
        "summary": "Creaet FAQ Articles",
        "description": "Create FAQ articles for a specific topic, in all languages",
        "tags": [
          "FAQ Articles"
        ],
        "consumes": [
          "application/json"
        ],
        "parameters": [
          {
            "name": "Authorization",
            "in": "header",
            "required": true,
            "type": "string"
          },
          {
            "name": "X-HSBC-Chnl-CountryCode",
            "in": "header",
            "required": true,
            "type": "string"
          },
          {
            "name": "X-HSBC-Chnl-Group-Member",
            "in": "header",
            "required": true,
            "type": "string"
          },
          {
            "name": "X-HSBC-Request-Correlation-Id",
            "in": "header",
            "description": "Global unique identifier used to trace execution context through server operations",
            "required": true,
            "type": "string"
          },
          {
            "name": "X-HSBC-User-Id",
            "in": "header",
            "description": "Payme User ID",
            "type": "string"
          },
          {
            "name": "X-HSBC-Merchant-Id",
            "in": "header",
            "description": "Business Merchant ID",
            "type": "string"
          },
          {
            "name": "X-HSBC-CSOPortal-Id",
            "in": "header",
            "description": "CSO Portal Login ID",
            "type": "string"
          },
          {
            "name": "faqs",
            "in": "body",
            "required": true,
            "schema": {
              "type": "object",
              "properties": {
                "faqEn": {
                  "$ref": "#/definitions/FAQ"
                },
                "faqTc": {
                  "$ref": "#/definitions/FAQ"
                },
                "faqSc": {
                  "$ref": "#/definitions/FAQ"
                }
              }
            }
          }
        ],
        "responses": {
          "200": {
            "description": "An array of newly created FAQ articles",
            "schema": {
              "type": "object",
              "properties": {
                "faqs": {
                  "type": "object",
                  "properties": {
                    "faqEn": {
                      "$ref": "#/definitions/FAQ"
                    },
                    "faqTc": {
                      "$ref": "#/definitions/FAQ"
                    },
                    "faqSc": {
                      "$ref": "#/definitions/FAQ"
                    }
                  }
                }
              }
            }
          },
          "default": {
            "description": "Unexpected error",
            "schema": {
              "$ref": "#/definitions/Error"
            }
          }
        }
      },
      "put": {
        "summary": "Update FAQ Articles",
        "description": "Update FAQ articles for a specific topic, in all languages",
        "tags": [
          "FAQ Articles"
        ],
        "consumes": [
          "application/json"
        ],
        "parameters": [
          {
            "name": "Authorization",
            "in": "header",
            "required": true,
            "type": "string"
          },
          {
            "name": "X-HSBC-Chnl-CountryCode",
            "in": "header",
            "required": true,
            "type": "string"
          },
          {
            "name": "X-HSBC-Chnl-Group-Member",
            "in": "header",
            "required": true,
            "type": "string"
          },
          {
            "name": "X-HSBC-Request-Correlation-Id",
            "in": "header",
            "description": "Global unique identifier used to trace execution context through server operations",
            "required": true,
            "type": "string"
          },
          {
            "name": "X-HSBC-User-Id",
            "in": "header",
            "description": "Payme User ID",
            "type": "string"
          },
          {
            "name": "X-HSBC-Merchant-Id",
            "in": "header",
            "description": "Business Merchant ID",
            "type": "string"
          },
          {
            "name": "X-HSBC-CSOPortal-Id",
            "in": "header",
            "description": "CSO Portal Login ID",
            "type": "string"
          },
          {
            "name": "faqs",
            "in": "body",
            "required": true,
            "schema": {
              "type": "object",
              "properties": {
                "faqEn": {
                  "$ref": "#/definitions/FAQ"
                },
                "faqTc": {
                  "$ref": "#/definitions/FAQ"
                },
                "faqSc": {
                  "$ref": "#/definitions/FAQ"
                }
              }
            }
          }
        ],
        "responses": {
          "200": {
            "description": "An array of updated FAQ articles",
            "schema": {
              "type": "object",
              "properties": {
                "faqs": {
                  "type": "array",
                  "items": {
                    "$ref": "#/definitions/FAQ"
                  }
                }
              }
            }
          },
          "default": {
            "description": "Unexpected error",
            "schema": {
              "$ref": "#/definitions/Error"
            }
          }
        }
      }
    },
    "/faqs/{faqId}/related-faq": {
      "get": {
        "summary": "Fetch all the related FAQ",
        "description": "Fetch all the related FAQ for this FAQ. This can be displayed at the bottom of the FAQ answer if the current answer is not satisfactory for the user.",
        "tags": [
          "FAQ Articles"
        ],
        "parameters": [
          {
            "name": "Authorization",
            "in": "header",
            "required": true,
            "type": "string"
          },
          {
            "name": "X-HSBC-Locale",
            "description": "Locale",
            "in": "header",
            "type": "string"
          },
          {
            "name": "X-HSBC-Chnl-CountryCode",
            "in": "header",
            "required": true,
            "type": "string"
          },
          {
            "name": "X-HSBC-Chnl-Group-Member",
            "in": "header",
            "required": true,
            "type": "string"
          },
          {
            "name": "X-HSBC-Request-Correlation-Id",
            "in": "header",
            "description": "Global unique identifier used to trace execution context through server operations",
            "required": true,
            "type": "string"
          },
          {
            "name": "X-HSBC-User-Id",
            "in": "header",
            "description": "Payme User ID",
            "type": "string"
          },
          {
            "name": "X-HSBC-Merchant-Id",
            "in": "header",
            "description": "Business Merchant ID",
            "type": "string"
          },
          {
            "name": "X-HSBC-CSOPortal-Id",
            "in": "header",
            "description": "CSO Portal Login ID",
            "type": "string"
          },
          {
            "name": "faqId",
            "in": "path",
            "description": "unique id of that FAQ.",
            "required": true,
            "type": "number",
            "format": "int64"
          }
        ],
        "responses": {
          "200": {
            "description": "An array of related FAQ",
            "schema": {
              "type": "object",
              "properties": {
                "relatedFAQs": {
                  "type": "array",
                  "items": {
                    "$ref": "#/definitions/FAQ"
                  }
                }
              }
            }
          },
          "default": {
            "description": "Unexpected error",
            "schema": {
              "$ref": "#/definitions/Error"
            }
          }
        }
      }
    },
    "/faqs/{faqId}/quick-faq-feedback": {
      "post": {
        "summary": "Thumbs up or thumbs down post",
        "tags": [
          "Feedback"
        ],
        "description": "Quick feedback from the user on how useful the FAQ question was to him/her.",
        "consumes": [
          "application/json"
        ],
        "parameters": [
          {
            "name": "Authorization",
            "in": "header",
            "required": true,
            "type": "string"
          },
          {
            "name": "X-HSBC-Locale",
            "description": "Locale",
            "in": "header",
            "type": "string"
          },
          {
            "name": "X-HSBC-Chnl-CountryCode",
            "in": "header",
            "required": true,
            "type": "string"
          },
          {
            "name": "X-HSBC-Chnl-Group-Member",
            "in": "header",
            "required": true,
            "type": "string"
          },
          {
            "name": "X-HSBC-Request-Correlation-Id",
            "in": "header",
            "description": "Global unique identifier used to trace execution context through server operations",
            "required": true,
            "type": "string"
          },
          {
            "name": "faqId",
            "in": "path",
            "required": true,
            "type": "integer",
            "format": "int64"
          },
          {
            "name": "QuickFAQFeedback",
            "in": "body",
            "required": true,
            "schema": {
              "$ref": "#/definitions/FAQQuickFeedback"
            }
          }
        ],
        "responses": {
          "200": {
            "description": "Post of the quick feedback successful"
          },
          "default": {
            "description": "Unexpected error",
            "schema": {
              "$ref": "#/definitions/Error"
            }
          }
        }
      }
    },
    "/faqs/{faqId}/faq-feedback": {
      "post": {
        "summary": "General feedback on the FAQ",
        "description": "Feedback from the user on how useful the FAQ question was to him/her. The user selects pre-canned response or can provide custom response.",
        "consumes": [
          "application/json"
        ],
        "tags": [
          "Feedback"
        ],
        "parameters": [
          {
            "name": "Authorization",
            "in": "header",
            "required": true,
            "type": "string"
          },
          {
            "name": "X-HSBC-Locale",
            "description": "Locale",
            "in": "header",
            "type": "string"
          },
          {
            "name": "X-HSBC-Chnl-CountryCode",
            "in": "header",
            "required": true,
            "type": "string"
          },
          {
            "name": "X-HSBC-Chnl-Group-Member",
            "in": "header",
            "required": true,
            "type": "string"
          },
          {
            "name": "X-HSBC-Request-Correlation-Id",
            "in": "header",
            "description": "Global unique identifier used to trace execution context through server operations",
            "required": true,
            "type": "string"
          },
          {
            "name": "faqId",
            "in": "path",
            "required": true,
            "type": "integer",
            "format": "int64"
          },
          {
            "name": "FAQFeedback",
            "in": "body",
            "required": true,
            "schema": {
              "$ref": "#/definitions/FAQFeedback"
            }
          }
        ],
        "responses": {
          "200": {
            "description": "Post of the feedback sucessfull."
          },
          "default": {
            "description": "Unexpected error",
            "schema": {
              "$ref": "#/definitions/Error"
            }
          }
        }
      }
    },
    "/topics/reorder": {
      "put": {
        "summary": "Reorder FAQ Topics",
        "description": "Reorder FAQ Topics",
        "tags": [
          "Topics"
        ],
        "consumes": [
          "application/json"
        ],
        "parameters": [
          {
            "name": "Authorization",
            "in": "header",
            "required": true,
            "type": "string"
          },
          {
            "name": "X-HSBC-Chnl-CountryCode",
            "in": "header",
            "required": true,
            "type": "string"
          },
          {
            "name": "X-HSBC-Chnl-Group-Member",
            "in": "header",
            "required": true,
            "type": "string"
          },
          {
            "name": "X-HSBC-Request-Correlation-Id",
            "in": "header",
            "description": "Global unique identifier used to trace execution context through server operations",
            "required": true,
            "type": "string"
          },
          {
            "name": "X-HSBC-User-Id",
            "in": "header",
            "description": "Payme User ID",
            "type": "string"
          },
          {
            "name": "X-HSBC-Merchant-Id",
            "in": "header",
            "description": "Business Merchant ID",
            "type": "string"
          },
          {
            "name": "X-HSBC-CSOPortal-Id",
            "in": "header",
            "description": "CSO Portal Login ID",
            "type": "string"
          },
          {
            "name": "topics",
            "in": "body",
            "required": true,
            "schema": {
              "properties": {
                "topics": {
                  "type": "array",
                  "items": {
                    "type": "object",
                    "properties": {
                      "topicEn": {
                        "$ref": "#/definitions/FAQTopic"
                      },
                      "topicTc": {
                        "$ref": "#/definitions/FAQTopic"
                      },
                      "topicSc": {
                        "$ref": "#/definitions/FAQTopic"
                      }
                    }
                  }
                }
              }
            }
          }
        ],
        "responses": {
          "200": {
            "description": "An array of updated FAQ Topics",
            "schema": {
              "properties": {
                "topics": {
                  "type": "array",
                  "items": {
                    "type": "object",
                    "properties": {
                      "topicEn": {
                        "$ref": "#/definitions/FAQTopic"
                      },
                      "topicTc": {
                        "$ref": "#/definitions/FAQTopic"
                      },
                      "topicSc": {
                        "$ref": "#/definitions/FAQTopic"
                      }
                    }
                  }
                }
              }
            }
          },
          "default": {
            "description": "Unexpected error",
            "schema": {
              "$ref": "#/definitions/Error"
            }
          }
        }
      }
    },
    "/topics/{topicId}/reorder": {
      "put": {
        "summary": "Reorder FAQ articles",
        "description": "Reorder FAQ articles of a FAQ topic",
        "tags": [
          "FAQ Articles"
        ],
        "consumes": [
          "application/json"
        ],
        "parameters": [
          {
            "name": "Authorization",
            "in": "header",
            "required": true,
            "type": "string"
          },
          {
            "name": "X-HSBC-Chnl-CountryCode",
            "in": "header",
            "required": true,
            "type": "string"
          },
          {
            "name": "X-HSBC-Chnl-Group-Member",
            "in": "header",
            "required": true,
            "type": "string"
          },
          {
            "name": "X-HSBC-Request-Correlation-Id",
            "in": "header",
            "description": "Global unique identifier used to trace execution context through server operations",
            "required": true,
            "type": "string"
          },
          {
            "name": "X-HSBC-User-Id",
            "in": "header",
            "description": "Payme User ID",
            "type": "string"
          },
          {
            "name": "X-HSBC-Merchant-Id",
            "in": "header",
            "description": "Business Merchant ID",
            "type": "string"
          },
          {
            "name": "X-HSBC-CSOPortal-Id",
            "in": "header",
            "description": "CSO Portal Login ID",
            "type": "string"
          },
          {
            "name": "topicId",
            "in": "path",
            "description": "Topics ID of the list of FAQ articles to be updated",
            "required": true,
            "type": "string"
          },
          {
            "name": "faqs",
            "in": "body",
            "required": true,
            "schema": {
              "properties": {
                "faqs": {
                  "type": "array",
                  "items": {
                    "type": "object",
                    "properties": {
                      "faqEn": {
                        "$ref": "#/definitions/FAQ"
                      },
                      "faqTc": {
                        "$ref": "#/definitions/FAQ"
                      },
                      "faqSc": {
                        "$ref": "#/definitions/FAQ"
                      }
                    }
                  }
                }
              }
            }
          }
        ],
        "responses": {
          "200": {
            "description": "An array of updated FAQ articles",
            "schema": {
              "properties": {
                "faqs": {
                  "type": "array",
                  "items": {
                    "type": "object",
                    "properties": {
                      "faqEn": {
                        "$ref": "#/definitions/FAQ"
                      },
                      "faqTc": {
                        "$ref": "#/definitions/FAQ"
                      },
                      "faqSc": {
                        "$ref": "#/definitions/FAQ"
                      }
                    }
                  }
                }
              }
            }
          },
          "default": {
            "description": "Unexpected error",
            "schema": {
              "$ref": "#/definitions/Error"
            }
          }
        }
      }
    },
    "/alive": {
      "get": {
        "summary": "Service alive",
        "description": "Expose to other microservices to indicate service is running",
        "parameters": [
          {
            "name": "X-HSBC-Locale",
            "description": "Locale",
            "in": "header",
            "type": "string"
          },
          {
            "name": "X-HSBC-Chnl-CountryCode",
            "in": "header",
            "required": true,
            "type": "string"
          },
          {
            "name": "X-HSBC-Chnl-Group-Member",
            "in": "header",
            "required": true,
            "type": "string"
          },
          {
            "name": "X-HSBC-Request-Correlation-Id",
            "in": "header",
            "description": "Global unique identifier used to trace execution context through server operations",
            "required": true,
            "type": "string"
          }
        ],
        "tags": [
          "Service Monitoring"
        ],
        "responses": {
          "200": {
            "description": "200 response"
          },
          "default": {
            "description": "Unexpected error",
            "schema": {
              "$ref": "#/definitions/Error"
            }
          }
        }
      }
    },
    "/ready": {
      "get": {
        "summary": "Service ready",
        "description": "Expose to other microservices to indicate service is ready",
        "parameters": [
          {
            "name": "X-HSBC-Locale",
            "description": "Locale",
            "in": "header",
            "type": "string"
          },
          {
            "name": "X-HSBC-Chnl-CountryCode",
            "in": "header",
            "required": true,
            "type": "string"
          },
          {
            "name": "X-HSBC-Chnl-Group-Member",
            "in": "header",
            "required": true,
            "type": "string"
          },
          {
            "name": "X-HSBC-Request-Correlation-Id",
            "in": "header",
            "description": "Global unique identifier used to trace execution context through server operations",
            "required": true,
            "type": "string"
          },
          {
            "name": "X-HSBC-User-Id",
            "in": "header",
            "description": "Payme User ID",
            "type": "string"
          },
          {
            "name": "X-HSBC-Merchant-Id",
            "in": "header",
            "description": "Business Merchant ID",
            "type": "string"
          },
          {
            "name": "X-HSBC-CSOPortal-Id",
            "in": "header",
            "description": "CSO Portal Login ID",
            "type": "string"
          }
        ],
        "tags": [
          "Service Monitoring"
        ],
        "responses": {
          "200": {
            "description": "200 response"
          },
          "default": {
            "description": "Unexpected error",
            "schema": {
              "$ref": "#/definitions/Error"
            }
          }
        }
      }
    }
  },
  "definitions": {
    "FAQTopic": {
      "type": "object",
      "properties": {
        "id": {
          "type": "integer",
          "format": "int64",
          "description": "Unique identifier representing a specific FAQ topic. Example, suggestions, enquiry, refund, settlement etc."
        },
        "topicName": {
          "type": "string",
          "description": "Name of the FAQ topic."
        },
        "description": {
          "type": "string",
          "description": "Description of FAQ topic."
        },
        "topicThumbnailURI": {
          "type": "string",
          "format": "uri",
          "description": "Location of thumbnail image."
        },
        "updatedAt": {
          "type": "string",
          "description": "The latest updated datetime."
        },
        "order": {
          "type": "integer",
          "format": "int32",
          "description": "The FAQ topic ordering."
        }
      }
    },
    "FAQ": {
      "type": "object",
      "properties": {
        "id": {
          "type": "integer",
          "format": "int64",
          "description": "Unique identifier representing a specific FAQ."
        },
        "order": {
          "type": "integer",
          "format": "int32",
          "description": "The FAQ article ordering."
        },
        "faqTopicId": {
          "type": "integer",
          "format": "int64",
          "description": "Topic id to which this FAQ belongs"
        },
        "question": {
          "type": "string",
          "description": "FAQ Question."
        },
        "answerFilePath": {
          "type": "string",
          "format": "uri",
          "description": "The file location of FAQ answer content"
        },
        "answerHtmlString": {
          "type": "string",
          "description": "The simple html string of answer content"
        },
        "thumbsUpCount": {
          "type": "number",
          "description": "Total count of thumbs up feedback received."
        },
        "thumbsDownCount": {
          "type": "number",
          "description": "Total count of thumbs down feedback received."
        },
        "status": {
          "type": "string",
          "description": "status of the faq, e.g. draft, published, etc"
        },
        "updatedAt": {
          "type": "string",
          "description": "The latest updated datetime."
        }
      }
    },
    "FAQFeedback": {
      "type": "object",
      "properties": {
        "id": {
          "type": "integer",
          "format": "int64",
          "description": "Unique identifier for the FAQ feedback"
        },
        "userProfileId": {
          "type": "integer",
          "format": "int64",
          "description": "user who is providing the feedback"
        },
        "faqQuestionId": {
          "type": "integer",
          "format": "int64",
          "description": "original FAQ question to which the feedback is given."
        },
        "preDefinedFeedback": {
          "type": "array",
          "description": "already defined set of canned feedback. This should be changed to array.",
          "items": {
            "$ref": "#/definitions/PreDefinedFeedback"
          }
        },
        "customFeedback": {
          "type": "string",
          "description": "user entered feedback"
        }
      }
    },
    "FAQQuickFeedback": {
      "type": "object",
      "properties": {
        "userProfileId": {
          "type": "integer",
          "format": "int64",
          "description": "user who is providing the feedback"
        },
        "faqQuestionId": {
          "type": "integer",
          "format": "int64",
          "description": "original FAQ question to which the feedback is given."
        },
        "thumbsUpOrDown": {
          "type": "boolean",
          "description": "thumbs up or thumbs down indicator."
        }
      }
    },
    "PreDefinedFeedback": {
      "type": "object",
      "properties": {
        "preDefinedFeedback": {
          "type": "string",
          "description": "already defined set of canned feedback."
        }
      }
    },
    "Error": {
      "type": "object",
      "properties": {
        "code": {
          "type": "integer",
          "format": "int32"
        },
        "message": {
          "type": "string"
        },
        "fields": {
          "type": "string"
        }
      }
    }
  }
}