[
  {
    "issuer": "https://webapp-playpen-hk-peak-ob-authfun.azurewebsites.net",
    "openid_uri": "https://webapp-playpen-hk-peak-ob-authfun.azurewebsites.net/.well-known/openid-configuration",
    "audience": [
      "36cfab6f-829d-4097-8aaa-e6cabcf3d4c7"
    ],
    "roles": [
      {
        "value": "internal",
        "nonce-check": false
      },
      {
        "value": "system",
        "nonce-check": false
      },
      {
        "value": "user",
        "nonce-check": false
      }
    ]
  },
  {
    "issuer": "https://adb2ccidigitalpeak.b2clogin.com/ad72d8db-708a-41eb-a651-4e6cd11c40c6/v2.0",
    "openid_uri": "https://login.microsoftonline.com/adb2ccidigitalpeak.onmicrosoft.com/v2.0/.well-known/openid-configuration?p=B2C_1A_SignIn_v1",
    "audience": [
      "cbf48534-459a-4652-9536-3a5955a56176"
    ],
    "roles": [
      {
        "value": "user",
        "nonce-check": true
      }
    ]
  },
  {
    "issuer": "https://api-dev.allyoupayclouds.com/hsbcpayme_api",
    "openid_uri": "https://api-dev.allyoupayclouds.com/hsbcpayme_api/.well-known/openid-configuration",
    "audience": [
      "cdcf3cdb-f226-421f-af87-63b567e12e10",
      "a7cd0292-8743-4516-a6c9-95122b28e2c3"
    ],
    "roles": [
      {
        "value": "user",
        "nonce-check": false
      },
      {
        "value": "internal",
        "nonce-check": false
      }
    ]
  },
  {
    "issuer": "http://securitytokens",
    "openid_uri": "http://securitytokens/security/internal/.well-known/openid-configuration",
    "audience": [
      "PEAK-SERVICE"
    ],
    "roles": [
      {
        "value": "internal",
        "nonce-check": false
      }
    ]
  },
  {
    "issuer": "https://cms-dev.allyoupayclouds.com/hsbcpayme_cs",
    "openid_uri": "https://cms-dev.allyoupayclouds.com/hsbcpayme_cs/.well-known/openid-configuration",
    "audience": [
      "cdcf3cdb-f226-421f-af87-63b567e12e10"
    ],
    "roles": [
      {
        "value": "user",
        "nonce-check": false
      },
      {
        "value": "internal",
        "nonce-check": false
      }
    ]
  }
]