[
  {
    "issuer":"https://adb2cuatdigitalpeak.b2clogin.com/08800f2a-4014-4b69-84ab-26405486ee9f/v2.0",
    "openid_uri":"https://login.microsoftonline.com/adb2cuatdigitalpeak.onmicrosoft.com/v2.0/.well-known/openid-configuration?p=B2C_1A_SignIn",
    "audience":[
      "1e071b3d-add7-4cd2-9a22-0f6527587d25"
    ],
    "roles":[
      {"value": "user", "nonce-check": true}
    ]
  },
  {
    "issuer":"http://securitytokens",
    "openid_uri":"http://securitytokens/security/internal/.well-known/openid-configuration",
    "audience":[
      "PEAK-SERVICE"
    ],
    "roles":[
      {"value": "internal", "nonce-check": false}
    ]
  },
  {
        "issuer": "https://cms-uat3.allyoupayclouds.com/hsbcpayme_cs",
        "openid_uri": "https://cms-uat3.allyoupayclouds.com/hsbcpayme_cs/.well-known/openid-configuration",
        "audience": [
            "cdcf3cdb-f226-421f-af87-63b567e12e10"
        ],
        "roles": [
            {
                "value": "user",
                "nonce-check": false
            },
            {
                "value": "internal",
                "nonce-check": false
            }
        ]

  },
  {
    "issuer": "https://api-uat3.allyoupayclouds.com/hsbcpayme_api",
    "openid_uri":"https://api-uat3.allyoupayclouds.com/hsbcpayme_api/.well-known/openid-configuration",
    "audience":[
      "cdcf3cdb-f226-421f-af87-63b567e12e10"
    ],
    "roles":[
      {"value": "user", "nonce-check": false}
    ]
  }
]