[
  {
    "issuer":"https://adb2csitdigitalpeak.b2clogin.com/e3982cb4-3598-402f-b320-155f9c07c15d/v2.0",
    "openid_uri":"https://login.microsoftonline.com/adb2csitdigitalpeak.onmicrosoft.com/v2.0/.well-known/openid-configuration?p=B2C_1A_SignIn",
    "audience":[
      "36cfab6f-829d-4097-8aaa-e6cabcf3d4c7"
    ],
    "roles":[
      {"value": "internal", "nonce-check": false},
      {"value": "system", "nonce-check": false},
      {"value": "user", "nonce-check": false}
    ]
  },
  {
    "issuer":"https://adb2ccidigitalpeak.b2clogin.com/ad72d8db-708a-41eb-a651-4e6cd11c40c6/v2.0",
    "openid_uri":"https://login.microsoftonline.com/adb2ccidigitalpeak.onmicrosoft.com/v2.0/.well-known/openid-configuration?p=B2C_1A_SignIn_v1",
    "audience":[
      "cbf48534-459a-4652-9536-3a5955a56176"
    ],
    "roles":[
      {"value": "user", "nonce-check": true}
    ]
  },
  {
    "issuer":"http://securitytokens",
    "openid_uri":"http://securitytokens/security/internal/.well-known/openid-configuration",
    "audience":[
      "PEAK-SERVICE"
    ],
    "roles":[
      {"value": "internal", "nonce-check": false}
    ]
  },
  {
    "issuer": "https://api-uat3.allyoupayclouds.com/hsbcpayme_api",
    "openid_uri":"https://api-uat3.allyoupayclouds.com/hsbcpayme_api/.well-known/openid-configuration",
    "audience":[
      "cdcf3cdb-f226-421f-af87-63b567e12e10"
    ],
    "roles":[
      {"value": "user", "nonce-check": false}
    ]
  }
]