[
  {
    "issuer":"https://adb2csitdigitalpeak.b2clogin.com/e3982cb4-3598-402f-b320-155f9c07c15d/v2.0",
    "openid_uri":"https://login.microsoftonline.com/adb2csitdigitalpeak.onmicrosoft.com/v2.0/.well-known/openid-configuration?p=B2C_1A_SignIn",
    "audience":[
      "dcb3ba9a-9f3d-4ac2-b4c1-6eaaa13a18d9"
    ],
    "roles":[
      {"value": "user", "nonce-check": true}
    ]
  },
  {
    "issuer":"http://securitytokens",
    "openid_uri":"http://securitytokens/security/internal/.well-known/openid-configuration",
    "audience":[
      "PEAK-SERVICE"
    ],
    "roles":[
      {"value": "internal", "nonce-check": false}
    ]
  },
  {
    "issuer": "https://cms-uat5.allyoupayclouds.com/hsbcpayme_cs",
    "openid_uri": "https://cms-uat5.allyoupayclouds.com/hsbcpayme_cs/.well-known/openid-configuration",
    "audience": [
      "cdcf3cdb-f226-421f-af87-63b567e12e10"
    ],
    "roles": [
      {
        "value": "user",
        "nonce-check": false
      },
      {
        "value": "internal",
        "nonce-check": false
      }
    ]
  },
  {
    "issuer": "https://api-dev2.allyoupayclouds.com/hsbcpayme_api",
    "openid_uri":"https://api-dev2.allyoupayclouds.com/hsbcpayme_api/.well-known/openid-configuration",
    "audience":[
      "cdcf3cdb-f226-421f-af87-63b567e12e10"
    ],
    "roles":[
      {"value": "user", "nonce-check": false}
    ]
  },
  {
    "issuer": "https://cms-dev2.allyoupayclouds.com/hsbcpayme_cs",
    "openid_uri": "https://cms-dev2.allyoupayclouds.com/hsbcpayme_cs/.well-known/openid-configuration",
    "audience": [
      "cdcf3cdb-f226-421f-af87-63b567e12e10"
    ],
    "roles": [
      {
        "value": "user",
        "nonce-check": false
      },
      {
        "value": "internal",
        "nonce-check": false
      }
    ]
  }
] 