[
  {
    "issuer":"https://adb2cpredigitalpeak.b2clogin.com/2edbe38f-7394-46c0-8d78-4d4aa6b4c52d/v2.0",
    "openid_uri":"https://adb2cpredigitalpeak.b2clogin.com/adb2cpredigitalpeak.onmicrosoft.com/v2.0/.well-known/openid-configuration?p=B2C_1A_SignIn",
    "audience":[
      "ea40626b-d2b2-4451-a766-e0dea5e1672b"
    ],
    "roles":[
      {"value": "user", "nonce-check": true}
    ]
  },
  {
    "issuer":"http://securitytokens",
    "openid_uri":"http://securitytokens/security/internal/.well-known/openid-configuration",
    "audience":[
      "PEAK-SERVICE"
    ],
    "roles":[
      {"value": "internal", "nonce-check": false},
      {"value": "user", "nonce-check": false}
    ]
  },
  {
    "issuer": "https://api-poc.allyoupayclouds.com/hsbcpayme_api",
    "openid_uri":"https://api-poc.allyoupayclouds.com/hsbcpayme_api/.well-known/openid-configuration",
    "audience":[
      "cdcf3cdb-f226-421f-af87-63b567e12e10"
    ],
    "roles":[
      {"value": "user", "nonce-check": false}
    ]
  },
  {
    "issuer": "https://cms-poc.allyoupayclouds.com/hsbcpayme_cs",
    "openid_uri":"https://cms-poc.allyoupayclouds.com/hsbcpayme_cs/.well-known/openid-configuration",
    "audience": [
      "cdcf3cdb-f226-421f-af87-63b567e12e10"
    ],
    "roles":[
      {"value": "user", "nonce-check": false}
    ]
  }
]