<?xml version="1.0" encoding="UTF-8"?>
<configuration>

	<appender name="noop" class="ch.qos.logback.core.helpers.NOPAppender" />

	<appender name="stdout" class="ch.qos.logback.core.ConsoleAppender">
		<target>System.out</target>
		<filter class="ch.qos.logback.classic.filter.ThresholdFilter">
			<level>${PEAK_LOGGER_LEVEL}</level>
		</filter>
		<encoder>
			<pattern>
				%d{yyyy-MM-dd HH:mm:ss} [%thread] %-5level %logger{36} -
				%msg%n
			</pattern>
		</encoder>
	</appender>

	<appender name="stderr" class="ch.qos.logback.core.ConsoleAppender">
		<target>System.err</target>
		<filter class="ch.qos.logback.classic.filter.ThresholdFilter">
			<level>${PEAK_LOGGER_LEVEL}</level>
		</filter>
		<encoder>
			<pattern>
				%d{yyyy-MM-dd HH:mm:ss} [%thread] %-5level %logger{36} -
				%msg%n
			</pattern>
		</encoder>
	</appender>

	<appender name="aiAppender" class="com.microsoft.applicationinsights.logback.ApplicationInsightsAppender"></appender>

	<logger name="com.hsbc.digital.peak" level="${PEAK_LOGGER_LEVEL}" additivity="false">
		<appender-ref ref="stdout" />
		<appender-ref ref="aiAppender" />
	</logger>

	<logger name="org.springframework" level="${PEAK_LOGGER_LEVEL}" additivity="false">
		<appender-ref ref="stdout" />
		<appender-ref ref="aiAppender" />
	</logger>

	<root level="debug">
		<appender-ref ref="noop" />
	</root>
</configuration>